INSERT INTO Student1 (Roll_No,Email_Id,Phone_No) values
(1,'manas.kabre@students.iiit.ac.in','110'),
(2,'nikunj.nawal@students.iiit.ac.in','111'),
(3,'satyam.pansari@students.iiit.ac.in','112'),
(4,'anubhav.sharma@students.iiit.ac.in','113'),
(5,'utkarsh.mishra@students.iiit.ac.in','114'),
(6,'anishka.sachdeva@students.iiit.ac.in','115'),
(7,'harshika.jain@students.iiit.ac.in','116'),
(8,'harshita.upadhyay@students.iiit.ac.in','117'),
(9,'prerna.gupta@students.iiit.ac.in','118'),
(10,'radhika.rao@students.iiit.ac.in','119'),
(11,'srinath.nair@students.iiit.ac.in','120'),
(12,'sajal.khandelwal@students.iiit.ac.in','121'),
(13,'amogh.tiwari@students.iiit.ac.in','122'),
(14,'jashn.arora@students.iiit.ac.in','123'),
(15,'tanish.lad@students.iiit.ac.in','124'),
(16,'subodh.sodkar@students.iiit.ac.in','125'),
(17,'shantanu.agrawal@students.iiit.ac.in','126'),
(18,'naman.baheti@students.iiit.ac.in','127'),
(19,'aryan.agarwal@students.iiit.ac.in','128'),
(20,'akshit.garg@students.iiit.ac.in','129'),
(21,'kushagra.agrawal@students.iiit.ac.in','130');


INSERT INTO Student2 (Roll_No,Branch,Cgpa) values
(1,'CSE',9.77),
(2,'CSE',9.9),
(3,'CSE',7.92),
(4,'CSD',9.13),
(5,'CSD',9.4),
(6,'CSD',5.6),
(7,'ECE',6.0),
(8,'ECE',9.1),
(9,'ECE',8.9),
(10,'CLD',9.0),
(11,'CLD',8.52),
(12,'CLD',9.7),
(13,'CHD',8.54),
(14,'CHD',9.83),
(15,'CHD',9.89),
(16,'ECD',8.0),
(17,'ECD',9.0),
(18,'ECD',7.2),
(19,'CND',8.64),
(20,'CND',9.71),
(21,'CND',6.56);


INSERT INTO Student3 (Roll_No,First_Name,Last_Name) values
(1,'Manas','Kabre'),
(2,'Nikunj','Nawal'),
(3,'Satyam','Pansari'),
(4,'Anubhav','Sharma'),
(5,'Utkarsh','Mishra'),
(6,'Anishka','Sachdeva'),
(7,'Harshika','Jain'),
(8,'Harshita','Upadhyay'),
(9,'Prerna','Gupta'),
(10,'Radhika','Rao'),
(11,'Srinath','Nair'),
(12,'Sajal','Khandelwal'),
(13,'Amogh','Tiwari'),
(14,'Jashn','Arora'),
(15,'Tanish','Lad'),
(16,'Subodh','Sodkar'),
(17,'Shantanu','Agrawal'),
(18,'Naman','Baheti'),
(19,'Aryan','Agarwal'),
(20,'Akshit','Garg'),
(21,'Kushagra','Agrawal');


INSERT INTO Faculty1 (Faculty_Id,Email_Id) values
(1,'ishanya.sethi@faculty.iiit.ac.in'),
(2,'laksh.balani@faculty.iiit.ac.in'),
(3,'yash.bhatia@faculty.iiit.ac.in'),
(4,'ayan.agarwal@faculty.iiit.ac.in'),
(5,'nachiket.patil@faculty.iiit.ac.in'),
(6,'urvish.pujara@faculty.iiit.ac.in'),
(7,'aditya.nair@faculty.iiit.ac.in'),
(8,'anish.mathur@faculty.iiit.ac.in'),
(9,'shreeya.singh@faculty.iiit.ac.in'),
(10,'shivangi.agarwal@faculty.iiit.ac.in'),
(11,'chandan.shrivastava@faculty.iiit.ac.in'),
(12,'pranali.jagdale@faculty.iiit.ac.in'),
(13,'atharva.sujlegaonkar@faculty.iiit.ac.in'),
(14,'aaryan.sharma@faculty.iiit.ac.in'),
(15,'aryan.singhal@faculty.iiit.ac.in');


INSERT INTO Faculty2 (Faculty_Id,Phone_No,Lab) values
(1,'210','MLL'),
(2,'211','DSAC'),
(3,'212','CVIT'),
(4,'213','LTRC'),
(5,'214','RRC'),
(6,'215','MLL'),
(7,'216','CVIT'),
(8,'217','LTRC'),
(9,'218','MLL'),
(10,'219','LTRC'),
(11,'220','DSAC'),
(12,'221','DSAC'),
(13,'222','CVIT'),
(14,'223','RRC'),
(15,'224','RRC');


INSERT INTO Faculty3 (Faculty_Id,First_Name,Last_Name) values
(1,'Ishanya','Sethi'),
(2,'Laksh','Balani'),
(3,'Yash','Bhatia'),
(4,'Ayan','Agarwal'),
(5,'Nachiket','Patil'),
(6,'Urvish','Pujara'),
(7,'Aditya','Nair'),
(8,'Anish','Mathur'),
(9,'Shreeya','Singh'),
(10,'Shivangi','Agarwal'),
(11,'Chandan','Shrivastava'),
(12,'Pranali','Jagdale'),
(13,'Atharva','Sujlegaonkar'),
(14,'Aaryan','Sharma'),
(15,'Aryan','Singhal');


INSERT INTO Course1 (Course_Code,Course_Name,Course_Type,Credits) values
(1,'Computer Vision','CSE',4),
(2,'Statistical Methods in AI','CSE',3),
(3,'Optimization Methods','CSE',4),
(4,'Data Systems','CSE',6),
(5,'Software Engineering','CSE',2),
(6,'Information Security Audit and Assurance','CSE',5);


INSERT INTO Course2 (Course_Code,Course_Name,Course_Type,Credits) values
(7,'Time Frequency Analysis','ECE',4),
(8,'Signal Detection and Estimation Theory','ECE',4),
(9,'Medical Image Analysis','ECE',2),
(10,'Digital VLSI Design','ECE',6),
(11,'Flexible Electronics','ECE',5),
(12,'Robotics: Planning and Navigation','ECE',6);


INSERT INTO Course3 (Course_Code,Course_Name,Course_Type,Credits) values
(13,'Digital Humanities Project','HSME',4),
(14,'Ethics','HSME',3),
(15,'Alternate Religious Traditions in Indian History','HSME',6),
(16,'Introduction to Philosophy of Technology','HSME',5),
(17,'Comprehension of Indian Music','HSME',2),
(18,'Readings in Indian Literatures','HSME',3);


INSERT INTO Teaches1 (Faculty_Id, Course_Code) values
(1,1),
(3,1),
(2,2),
(4,2),
(6,3),
(1,4),
(7,5),
(2,6),
(12,6);

INSERT INTO Teaches2 (Faculty_Id, Course_Code) values
(5,7),
(8,7),
(14,8),
(15,9),
(13,10),
(5,11),
(10,12),
(14,12);

INSERT INTO Teaches3 (Faculty_Id, Course_Code) values
(9,13),
(11,14),
(7,15),
(9,15),
(8,16),
(3,17),
(5,18);

INSERT INTO Opts1 (Roll_No, Course_Code, Grade) values
(1,4,8),
(2,3,5),
(3,4,5),
(4,5,4),
(4,1,7),
(4,3,7),
(5,2,7),
(6,5,7),
(7,4,7),
(7,6,8),
(7,5,10),
(8,1,7),
(8,3,9),
(9,6,10),
(10,6,5),
(11,4,10),
(12,1,7),
(13,2,10),
(14,6,4),
(15,6,10),
(16,3,6),
(17,4,5),
(18,3,6),
(18,2,10),
(18,4,7),
(19,1,7),
(19,3,9),
(20,4,9),
(21,5,10),
(21,1,10),
(21,3,10);


INSERT INTO Opts2 (Roll_No, Course_Code, Grade) values
(1,9,7),
(2,7,9),
(3,9,4),
(4,8,6),
(5,8,5),
(6,12,6),
(7,11,4),
(8,9,4),
(8,10,5),
(9,8,5),
(9,11,6),
(9,12,9),
(10,8,6),
(10,9,6),
(11,7,4),
(11,12,6),
(12,10,9),
(13,11,7),
(14,12,8),
(15,7,4),
(16,9,8),
(17,9,8),
(17,10,4),
(18,8,6),
(19,12,8),
(20,11,8),
(20,12,9),
(21,12,5);


INSERT INTO Opts3 (Roll_No, Course_Code, Grade) values
(1,14,8),
(2,18,8),
(3,14,6),
(4,15,8),
(5,13,5),
(6,13,5),
(7,17,6),
(8,17,4),
(8,18,9),
(9,16,9),
(9,13,5),
(9,14,8),
(10,14,6),
(10,15,10),
(11,16,7),
(11,14,4),
(12,15,9),
(13,15,9),
(14,18,6),
(15,15,8),
(16,18,7),
(17,15,5),
(17,17,8),
(18,14,9),
(19,18,6),
(20,14,4),
(20,17,7),
(21,15,7);